case_id,submitter_id,gene_symbol,gene_id,chromosome,start_position,aa_change,consequence_type,wt_aa,mut_aa,protein_position,is_driver_gene,immunogenicity_score,mutant_peptide,wildtype_peptide,peptide_length,mutation_position_in_peptide,sequence_source,hla_allele,binding_score,ic50_nM,percentile_rank,classification,wt_ic50_nM,agretopicity,foreignness_score,binding_norm,agreto_norm,immuno_norm,foreign_norm,vaccine_priority_score,rank
359ffef9-902b-411f-b609-5ab6411f2406,MMRF_1274,SRCAP,ENSG00000080603,chr16,30739516,P3159R,missense_variant,P,R,3159,False,44.666666666666664,RPSPLGPEG,PPSPLGPEG,9,0,uniprot,HLA-B*07:02,6.295,92.28,0.31,weak_binder,4203.16,45.54789770264412,0.1,0.9981544,1.0,0.4466666666666666,0.1,65.37,1
359ffef9-902b-411f-b609-5ab6411f2406,MMRF_1274,ZDHHC19,ENSG00000163958,chr3,196198789,K258M,missense_variant,K,M,258,False,44.33333333333333,MYMAEAVQL,KYMAEAVQL,9,0,uniprot,HLA-B*08:01,4.7504,432.4,0.76,weak_binder,3412.96,7.893061979648474,0.1,0.991352,0.7893061979648474,0.4433333333333333,0.1,60.85,11
359ffef9-902b-411f-b609-5ab6411f2406,MMRF_1274,ATP2B4,ENSG00000058668,chr1,203733332,V72A,missense_variant,V,A,72,False,23.0,AALEKRRQV,ADLEKRRQV,9,1,uniprot,HLA-B*08:01,5.7797,154.49,0.32,weak_binder,2151.14,13.924137484626836,0.05,0.9969102,1.0,0.23,0.05,60.24,14
359ffef9-902b-411f-b609-5ab6411f2406,MMRF_1274,THBS1,ENSG00000137801,chr15,39593200,V990L,missense_variant,V,L,990,False,16.333333333333336,TLNCDPGLAV,TVNCDPGLAV,10,1,uniprot,HLA-A*02:01,5.6283,179.74,0.85,weak_binder,3457.07,19.233726493824413,0.0454545454545454,0.9964052,1.0,0.1633333333333333,0.0454545454545454,58.82,30
359ffef9-902b-411f-b609-5ab6411f2406,MMRF_1274,CTXN3,ENSG00000205279,chr5,127657675,L52F,missense_variant,L,F,52,False,13.333333333333332,IFLDPYRSM,ILLDPYRSM,9,1,uniprot,HLA-A*24:02,5.5808,188.47,0.5,weak_binder,4477.88,23.75911285615748,0.05,0.9962306,1.0,0.1333333333333333,0.05,58.28,37
359ffef9-902b-411f-b609-5ab6411f2406,MMRF_1274,ABCA7,ENSG00000064687,chr19,1058873,R223H,missense_variant,R,H,223,False,34.33333333333333,LLSEHLCSV,LLSEALCSV,9,4,uniprot,HLA-B*08:01,4.6618,472.47,0.8,weak_binder,2577.89,5.456198277139289,0.15,0.9905506,0.5456198277139289,0.3433333333333332,0.15,54.7,80
359ffef9-902b-411f-b609-5ab6411f2406,MMRF_1274,ARID3C,ENSG00000205143,chr9,34622356,P347T,missense_variant,P,T,347,False,18.0,SFLPRGKVTL,SFLPRGKVPL,10,8,uniprot,HLA-A*24:02,5.9167,134.7,0.39,weak_binder,925.74,6.87260579064588,0.0909090909090909,0.997306,0.687260579064588,0.18,0.0909090909090909,53.61,103
359ffef9-902b-411f-b609-5ab6411f2406,MMRF_1274,GMIP,ENSG00000089639,chr19,19634796,Q628R,missense_variant,Q,R,628,False,33.33333333333333,FLRELTEPV,FLQELTEPV,9,2,uniprot,HLA-B*08:01,5.4523,214.32,0.44,weak_binder,1050.48,4.901455767077268,0.1,0.9957136,0.4901455767077268,0.3333333333333332,0.1,52.82,113
359ffef9-902b-411f-b609-5ab6411f2406,MMRF_1274,SLC22A12,ENSG00000197891,chr11,64600897,Q485H,missense_variant,Q,H,485,False,11.0,ILGPHVRLL,ILGPLVRLL,9,4,uniprot,HLA-B*08:01,5.2899,252.1,0.51,weak_binder,1465.91,5.814795715985721,0.15,0.994958,0.5814795715985721,0.11,0.15,50.9,145
359ffef9-902b-411f-b609-5ab6411f2406,MMRF_1274,SRCAP,ENSG00000080603,chr16,30739516,P2900R,missense_variant,P,R,2900,False,44.666666666666664,VPGPERLI,VPGPETLI,8,5,uniprot,HLA-B*07:02,5.116,299.99,0.72,weak_binder,651.32,2.1711390379679325,0.1666666666666666,0.9940002,0.2171139037967932,0.4466666666666666,0.1666666666666666,50.57,156
359ffef9-902b-411f-b609-5ab6411f2406,MMRF_1274,ZNF506,ENSG00000081665,chr19,19795502,G97S,missense_variant,G,S,97,False,16.333333333333336,SIKDSFQSV,SIKDSFQKV,9,7,uniprot,HLA-B*08:01,5.4617,212.32,0.44,weak_binder,945.44,4.452901281085155,0.1,0.9957536,0.4452901281085155,0.1633333333333333,0.1,48.52,208
359ffef9-902b-411f-b609-5ab6411f2406,MMRF_1274,ADORA2A,ENSG00000128271,chr22,24433604,S67I,missense_variant,S,I,67,False,37.66666666666667,TIITGFCAA,TISTGFCAA,9,2,uniprot,HLA-A*02:01,5.0101,333.52,1.13,weak_binder,762.87,2.2873290957064047,0.1,0.9933296,0.2287329095706404,0.3766666666666667,0.1,48.37,216
359ffef9-902b-411f-b609-5ab6411f2406,MMRF_1274,RASSF6,ENSG00000169435,chr4,73576704,I238T,missense_variant,I,T,238,False,32.333333333333336,KVRVTSNMR,KVRVNSNMR,9,4,uniprot,HLA-A*03:01,4.9704,347.03,0.86,weak_binder,657.37,1.894274270236003,0.15,0.9930594,0.1894274270236003,0.3233333333333333,0.15,47.26,255
359ffef9-902b-411f-b609-5ab6411f2406,MMRF_1274,GMIP,ENSG00000089639,chr19,19634796,Q602R,missense_variant,Q,R,602,False,33.33333333333333,QARENGRAL,QAFENGRAL,9,2,uniprot,HLA-B*07:02,6.9907,46.02,0.08,strong_binder,80.15,1.7416340721425467,0.1,0.9990796,0.1741634072142546,0.3333333333333332,0.1,46.62,287
359ffef9-902b-411f-b609-5ab6411f2406,MMRF_1274,RASSF6,ENSG00000169435,chr4,73576704,I282T,missense_variant,I,T,282,False,32.333333333333336,KTDTPLLQR,KTDIPLLQR,9,3,uniprot,HLA-A*03:01,6.5825,69.22,0.27,weak_binder,91.54,1.3224501589136088,0.15,0.9986156,0.1322450158913609,0.3233333333333333,0.15,46.31,299
359ffef9-902b-411f-b609-5ab6411f2406,MMRF_1274,RASSF6,ENSG00000169435,chr4,73576704,I250T,missense_variant,I,T,250,False,32.333333333333336,VIKQTLQKFK,VIKQLLQKFK,10,4,uniprot,HLA-A*03:01,5.9104,135.55,0.51,weak_binder,174.7,1.288823312430837,0.1363636363636363,0.997289,0.1288823312430837,0.3233333333333333,0.1363636363636363,45.99,316
359ffef9-902b-411f-b609-5ab6411f2406,MMRF_1274,SLC22A12,ENSG00000197891,chr11,64600897,Q411H,missense_variant,Q,H,411,False,11.0,RPTLAHSL,RPTLAASL,8,5,uniprot,HLA-B*08:01,5.9113,135.44,0.28,weak_binder,431.44,3.1854695806261075,0.1666666666666666,0.9972912,0.3185469580626107,0.11,0.1666666666666666,45.98,317
359ffef9-902b-411f-b609-5ab6411f2406,MMRF_1274,RANBP2,ENSG00000153201,chr2,108766083,K1848N,missense_variant,K,N,1848,False,31.333333333333332,KSNFSENASK,KSNFSEKASK,10,6,uniprot,HLA-A*03:01,6.3041,91.44,0.37,weak_binder,120.09,1.313320209973753,0.1363636363636363,0.9981712,0.1313320209973753,0.3133333333333333,0.1363636363636363,45.87,323
359ffef9-902b-411f-b609-5ab6411f2406,MMRF_1274,IDH2,ENSG00000182054,chr15,90088702,R140Q,missense_variant,R,Q,140,False,33.33333333333333,SPNGTIQNI,SPNGTIRNI,9,6,uniprot,HLA-B*07:02,6.7949,55.97,0.14,weak_binder,52.52,0.9383598356262284,0.15,0.9988806,0.0938359835626228,0.3333333333333332,0.15,45.75,329
359ffef9-902b-411f-b609-5ab6411f2406,MMRF_1274,SLC22A12,ENSG00000197891,chr11,64600897,Q519H,missense_variant,Q,H,519,False,11.0,LLLPETHSL,LLLPETQSL,9,6,uniprot,HLA-A*24:02,4.8159,405.0,0.78,weak_binder,1316.99,3.251827160493827,0.15,0.9919,0.3251827160493827,0.11,0.15,45.67,333
